{
  "algo": "dqn",
  "obs_mode": "power_time",
  "timesteps_per_trial": 150000,
  "best_value": 68.73199836052954,
  "best_params": {
    "lr": 0.000128590091435065,
    "gamma": 0.9637714112901037,
    "ent_coef": 0.01990686901033514,
    "net_arch": "128,128",
    "buffer_size": 500000,
    "learning_starts": 50000,
    "batch_size": 512,
    "train_freq": 1,
    "gradient_steps": 2,
    "target_update_interval": 1000,
    "exploration_fraction": 0.3427807882825822,
    "exploration_final_eps": 0.022532722254256177,
    "frame_stack": 1
  }
}