{
  "algo": "dqn",
  "obs_mode": "minimal",
  "timesteps_per_trial": 150000,
  "best_value": 53.039998177066444,
  "best_params": {
    "lr": 3.375149955913993e-05,
    "gamma": 0.9508549436891413,
    "net_arch": "128,128",
    "buffer_size": 500000,
    "learning_starts": 5000,
    "batch_size": 256,
    "train_freq": 1,
    "gradient_steps": 2,
    "target_update_interval": 2000,
    "exploration_fraction": 0.4391041410889661,
    "exploration_final_eps": 0.02245831069243788,
    "frame_stack": 4
  }
}