{
  "algo": "dqn",
  "obs_mode": "bool_power",
  "timesteps_per_trial": 200000,
  "best_value": 83.51399835199118,
  "best_params": {
    "lr": 2.861556772826543e-05,
    "gamma": 0.9827621506905131,
    "ent_coef": 0.030572486840200985,
    "net_arch": "256,128",
    "buffer_size": 100000,
    "learning_starts": 50000,
    "batch_size": 512,
    "train_freq": 1,
    "gradient_steps": 4,
    "target_update_interval": 1000,
    "exploration_fraction": 0.4825397035408254,
    "exploration_final_eps": 0.029383339513803747,
    "frame_stack": 1
  }
}