{
  "algo": "a2c",
  "obs_mode": "bool_power",
  "timesteps_per_trial": 300000,
  "best_value": 9.60800005234778,
  "best_params": {
    "lr": 0.0001700706031712905,
    "gamma": 0.9523987715214619,
    "ent_coef": 0.011148094340881126,
    "net_arch": "128,128",
    "n_steps": 32,
    "gae_lambda": 0.9296105556282913
  }
}