{
  "algo": "dqn",
  "obs_mode": "coins_quadrants",
  "timesteps_per_trial": 150000,
  "best_value": 70.52399805486202,
  "best_params": {
    "lr": 0.0004858402505498523,
    "gamma": 0.9297323010609192,
    "net_arch": "128,128",
    "buffer_size": 300000,
    "learning_starts": 20000,
    "batch_size": 512,
    "train_freq": 1,
    "gradient_steps": 1,
    "target_update_interval": 500,
    "exploration_fraction": 0.49811972344338296,
    "exploration_final_eps": 0.04669551576837814,
    "frame_stack": 4
  }
}