{
  "algo": "ppo",
  "obs_mode": "power_time",
  "timesteps_per_trial": 150000,
  "best_value": 97.32699874192477,
  "best_params": {
    "lr": 0.00012538025225145252,
    "gamma": 0.9691701682224719,
    "ent_coef": 0.0047182965982689624,
    "net_arch": "64,64",
    "n_steps": 128,
    "batch_size": 256,
    "n_epochs": 16,
    "gae_lambda": 0.9658669926782049,
    "clip_range": 0.23057622534993527
  }
}