{
  "algo": "dqn",
  "obs_mode": "bool_power",
  "timesteps_per_trial": 150000,
  "best_value": 73.7399979699403,
  "best_params": {
    "lr": 6.087610497027127e-05,
    "gamma": 0.9390829931145529,
    "ent_coef": 0.005632745236485164,
    "net_arch": "128,128",
    "buffer_size": 300000,
    "learning_starts": 20000,
    "batch_size": 256,
    "train_freq": 4,
    "gradient_steps": 1,
    "target_update_interval": 500,
    "exploration_fraction": 0.44121660218317504,
    "exploration_final_eps": 0.014900243592115801,
    "frame_stack": 1
  }
}