{
  "algo": "ppo",
  "obs_mode": "power_time",
  "timesteps_per_trial": 200000,
  "best_value": 1.0500691789435224,
  "best_params": {
    "lr": 0.0009234755393620779,
    "gamma": 0.9578519557559471,
    "ent_coef": 0.0036181455817133777,
    "net_arch": "64,64",
    "n_steps": 128,
    "batch_factor": 8,
    "n_epochs": 4
  }
}