{
  "algo": "a2c",
  "obs_mode": "minimal",
  "timesteps_per_trial": 200000,
  "best_value": 0.7897344405762852,
  "best_params": {
    "lr": 0.00017040605994467277,
    "gamma": 0.933681527700998,
    "ent_coef": 0.018513352852574935,
    "net_arch": "64,64",
    "n_steps": 128,
    "gae_lambda": 0.969342949225187
  }
}