{
  "algo": "a2c",
  "obs_mode": "power_time",
  "timesteps_per_trial": 300000,
  "best_value": 81.64899932220578,
  "best_params": {
    "lr": 0.00044125881794193677,
    "gamma": 0.9853014520300034,
    "ent_coef": 0.009098488159067546,
    "net_arch": "128,128",
    "n_steps": 32,
    "gae_lambda": 0.9092593190102404
  }
}