{
  "algo": "a2c",
  "obs_mode": "minimal",
  "timesteps_per_trial": 300000,
  "best_value": 9.847000325098634,
  "best_params": {
    "lr": 0.00018804487379667952,
    "gamma": 0.9835654617020808,
    "ent_coef": 0.010893977261751215,
    "net_arch": "128,128",
    "n_steps": 32,
    "gae_lambda": 0.9471852791779779
  }
}