{
  "algo": "ppo",
  "obs_mode": "bool_power",
  "timesteps_per_trial": 200000,
  "best_value": 1.3638872423907742,
  "best_params": {
    "lr": 0.0009711764240494682,
    "gamma": 0.9000996388685408,
    "ent_coef": 0.0008231307044953336,
    "net_arch": "128,128",
    "n_steps": 128,
    "batch_factor": 8,
    "n_epochs": 10
  }
}