{
  "algo": "ppo",
  "obs_mode": "minimal",
  "timesteps_per_trial": 300000,
  "best_value": 116.72399915121495,
  "best_params": {
    "lr": 0.0004670566983860597,
    "gamma": 0.9864988832562134,
    "ent_coef": 0.00481709224230366,
    "net_arch": "128,128",
    "n_steps": 256,
    "batch_size": 128,
    "n_epochs": 16,
    "gae_lambda": 0.925092087208177,
    "clip_range": 0.2425544297911656
  }
}