{
  "algo": "a2c",
  "obs_mode": "coins_quadrants",
  "timesteps_per_trial": 300000,
  "best_value": 112.5559988413006,
  "best_params": {
    "lr": 0.00041501863767692924,
    "gamma": 0.9949236856190979,
    "ent_coef": 0.0008882804900962875,
    "net_arch": "128,128",
    "n_steps": 32,
    "gae_lambda": 0.9795371133779086
  }
}