{
  "algo": "ppo",
  "obs_mode": "bool_power",
  "timesteps_per_trial": 150000,
  "best_value": 99.9119990311563,
  "best_params": {
    "lr": 0.00018766899124065837,
    "gamma": 0.9548719406674566,
    "ent_coef": 0.004012268107150393,
    "net_arch": "128,128",
    "n_steps": 256,
    "batch_size": 64,
    "n_epochs": 16,
    "gae_lambda": 0.9337924827979776,
    "clip_range": 0.16085501107747438,
    "vf_coef": 0.9728604094181781,
    "max_grad_norm": 0.9303594264706124
  }
}