{
  "algo": "ppo",
  "obs_mode": "bool_power",
  "timesteps_per_trial": 300000,
  "best_value": 45.89649980030954,
  "best_params": {
    "lr": 0.0004143504718637564,
    "gamma": 0.9268468847648559,
    "ent_coef": 0.011675079443170882,
    "net_arch": "128,128",
    "n_steps": 256,
    "batch_size": 64,
    "n_epochs": 16,
    "gae_lambda": 0.9009007719257135,
    "clip_range": 0.29939687069077764
  }
}