{
  "algo": "a2c",
  "obs_mode": "bool_power",
  "timesteps_per_trial": 300000,
  "best_value": 73.99299952834845,
  "best_params": {
    "lr": 0.0004393528562850491,
    "gamma": 0.9804254169849012,
    "ent_coef": 0.010267768453575875,
    "net_arch": "64,64",
    "n_steps": 64,
    "gae_lambda": 0.9138263548258118
  }
}