return,success
38.76100000000021,False
-15.062000000000008,False
-12.037000000000003,False
-19.012,False
-20.001,False
-19.02,False
21.737000000000076,False
19.70999999999987,False
-18.037,False
-8.078999999999965,False
-19.01,False
-19.011000000000003,False
41.73400000000039,False
35.77600000000034,False
16.87100000000002,False
-15.092000000000029,False
-17.02,False
-7.089999999999991,False
22.83500000000002,False
-18.038,False
