algo,obs_mode,seed,episodes,mean_reward,std_reward,mean_len,success_rate,completion_ratio,near_clear_rate,model_path
ppo,minimal,0,50,16.571600000000018,33.81095091002322,150.0,0.0,0.31958333333333333,0.0,models\pacman_ppo_minimal_seed0.zip
ppo,minimal,1,50,7.4148000000000005,34.99451015459424,138.68,0.0,0.24999999999999997,0.0,models\pacman_ppo_minimal_seed1.zip
ppo,minimal,2,50,17.898400000000024,31.62907519103271,293.3,0.0,0.2891666666666667,0.0,models\pacman_ppo_minimal_seed2.zip
ppo,bool_power,0,50,0.7164000000000095,26.691384584543385,109.7,0.0,0.21625,0.0,models\pacman_ppo_bool_power_seed0.zip
ppo,bool_power,1,50,42.56279999999999,47.42643954757724,327.62,0.0,0.42375,0.0,models\pacman_ppo_bool_power_seed1.zip
ppo,bool_power,2,50,0.9480000000000013,32.10709105478102,104.6,0.0,0.20583333333333337,0.0,models\pacman_ppo_bool_power_seed2.zip
