algo,obs_mode,seed,episodes,mean_reward,std_reward,mean_len,success_rate,completion_ratio,near_clear_rate,model_path,vecnorm_used
ppo,minimal,0,50,86.61199899673461,53.607885447451906,360.04,0.0,0.6545833333333333,0.14,models\pacman_ppo_minimal_seed0.zip,yes
ppo,minimal,1,50,89.45999914169312,47.33315515426537,396.52,0.0,0.6495833333333334,0.06,models\pacman_ppo_minimal_seed1.zip,yes
ppo,minimal,2,50,109.2999988937378,46.096928040219545,451.72,0.0,0.7470833333333334,0.14,models\pacman_ppo_minimal_seed2.zip,yes
ppo,minimal,3,50,96.88399892807007,57.435181566827765,416.9,0.0,0.6795833333333334,0.12,models\pacman_ppo_minimal_seed3.zip,yes
ppo,power_time,0,50,97.69999927520752,66.6946019980943,343.74,0.0,0.6004166666666667,0.06,models\pacman_ppo_power_time_seed0.zip,yes
ppo,power_time,1,50,104.21999933242797,72.2821495844453,377.06,0.0,0.61375,0.08,models\pacman_ppo_power_time_seed1.zip,yes
ppo,power_time,2,50,90.83999933242798,70.4577827820705,349.54,0.0,0.5691666666666666,0.08,models\pacman_ppo_power_time_seed2.zip,yes
ppo,power_time,3,50,123.91999912261963,60.131402411576694,458.6,0.0,0.715,0.2,models\pacman_ppo_power_time_seed3.zip,yes
